seq,Id,Cluster,Read_count,sequence,Blast_type
1,m1,DC01_m1_Cluster_47,1176,CGATATTATAAGAGGAAAAGATATGTTTAAACGTACTGACAAAGACTATGTAGAAAACGGTCTAAGAGAAGTTTTCAATAATATATATGGTCAATTGGAATATAATGCAAAAGCCTATTATTCAGATAAGGATAGATCTGGAAATTATTATAAATTAAGGGAAGATTGGTGGACGGTTAACCGCGATCAAGTATGGAAAGCATTAACATGCAAAGCTCCAAAGGGGGCTAATTATTTTAGAAAAATTTCAGGAGATACTGAGGTGTTTACAAGTGCAGGAAAATGTAGACACAATGACAATAGCGTCCCAACGAACCTAGATTACGTCCCGCAATATTTAAGA,DBLa1.2
2,m1,DC01_m1_Cluster_43,45,AGATATTGTAAGAGGAAGAGATCTATGGGATGAAGATGGTGGCGCAAAAGACATGGAAAAACATTTGATATCCATATTTGAAAAAATTAAACAGGAACTTCCTCGAGAAATCCAAGAGAAATATAAGGATGATGACAAAACAACACACAAATATAAACGATTGAGAGAAGACTGGTGGGAAGCAAATCGAGCCAAAGTATGGGAAGCCATGACATGTAGCGTAGAAGATGCTTATTATTTTCGACAAACATGTGGTAGTGGAAAAACTGCAAGTGCGACTTACGATAAATGCCATTGTATTGGCGGAACCGTTCAAACTAATTTCGACTACGTGCCGCAGTTTCTTCGG,DBLa1.1
3,m1,DC01_m1_Cluster_54,34,TGATATTGTAAGAGGAATAGATATGTTTAAACCAAATGTCCATGACAAAGTAGAAAAGGGTCTCCGAGAGGTTTTCAAGAAAATACATGATGAAATGGAAGGTGAGGTAAAAAATTATTACAATCCTGATGGATCTGGAAATTATTATAAATTAAGAGAAGCATGGTGGGATGTGAATAGAAATAAAGTATGGGAAGCCATAACCTGTGGCGCACTACCTAAATCTGCATATTTCTTGCAATCAGAAGATAATAAACAATTATTTTTATATCCTAAATGCGGCCATAATAATAAGAATGATCTTCCTACCAATTTAGATTATGTTCCTCAATATTTACGT,DBLa1.1
4,m1,DC01_m1_Cluster_60,32,TGATATCGTACGCGGCAAAGATTTGTATCTCGGTGGTAATACCaaagaaaaagaacaaagaaaaaaattagaaaataagttgaaagaaaTTTTTCAGAAGATTCAGGGAAATTATCCAACACTTAATGATCTTCCACTAGATGCGGTAAGAGAATATTGGTGGAACGCTAATAGACAAGAAGTATGGAAAGCTATTACATGTGATGCTGGGAATGCTCAATATGTTGGACTTACATGTTCTGAAGGAGGAAGTTCGGCTCATAAAAAATGCACGTGTAACAATGGTGATGTCCCTACATATTTTGACTATGTGCCGCAGTATCTTCGC,DBLa0.7
5,m1,DC01_m1_Cluster_27,31,TGATATTATAAGAGGAAAAGATCTGTATCGTCGTGAtaataaaaaaagataaattagaaaagaatttgaaaaaaattttcgagaaaatATATGACAAATTGGATGGGAAGAAGGGGAAGGAAGCAAAAGAGCACTACAAAAAAGATAAAGAAACAGGAAATTATTATCAATTACGAGAAGATTGGTGGTATGCTAATAGAATAATGGCATGGAAAGCATTAACATGTCATGCGCCACCTGATGCTAAATATTTTAGACACACATGTGGTGCTGGAGAAAAACGAACTGAGACTAAAAATAACTGCCGATGTACCCTTCATGGTGTTCCTACATATTTCGATTATGTGCCTCAATATTTGAGA,DBLa0.9
6,m1,DC01_m1_Cluster_42,27,TGACATTATCAGAGGAAAAGATCTGTTTCTTGGTTATACCaaaaaaagatgaaaaagaaaaagaaaaagtacagaaaaatttaaaaagaattttcgcgaaaatatatggaaaattgaatgaaaatATAAAATCAAACTATAATGATGCTCCAGATTATTTTCAATTACGAGAAGATTGGTGGTCAGAGAATCGCGCCACAATCTGGGAAGCCATCACGTGTGACGTTAAGAGTGGTAATAATTATTTTCGACGAAAAGCGTGTGGTGGACAATATGCAGCTGAAGATAACTGCCGGTGTAAGGACGACCAGGTCCCCACATATTTCGACTACGTCCCTCAGTATCTTCGC,DBLa0.5
7,m1,DC01_m1_Cluster_34,16,GGATATTGTCAGAGGAAGAGATTTGTATCGTGGTTATGATGATGAAGaaaaaaaaaCAAAGAGATAAATTAGAAAAGAATTTGAAAGAAATTTTCGCGAAAATACATGGTGGATTGGATGAGGAAGCAAAAGACCACTACAAAGATAAAAATGGTGGAAACTTTTTTAAATTACGAGAAGATTGGTGGAATGCTAATCGAGAAACGGTATGGGAAGCTATCACATGTAAAGCAAATGATGGTGATAAATATTTTAGAAAAACAGCGTGTGCAGGAACGCCGACTAATACACAATGCCAATGCGTAAACCGTGCAGATGTTCCTACATATTTCGACTACGTGCCACAGTATCTTCGG,DBLa0.19
8,m1,DC01_m1_Cluster_28,16,TGATATTGTCAGAGGAAGAGATCTATATCGTGGTGATAGAAAAGAAAAATTGAAGTTAGAAAATAATTTAAAAAAGGTTTTCTCGAAAATATATGAAGGATTGAAGAATGGGCAGAAGTCGGCGGAAGCACAAGAACGCTACAATGTTGATAAAGATCCAAATTATTATCAATTACGAGAAGATTGGTGGAACGCTAATAGACAACAAGTATGGTACGCGATAACATGCGGCGCTGCGGGTTATCAATATTTTCGACCAAAATGTGGTAGTGGAAATAATGCAACTCAGGCTAAAGACAAATGCCGATGTACCACTCATGTTGTCCCCACATATTTCGACTATGTGCCACAATATTTGAGA,DBLa0.9
9,m1,DC01_m1_Cluster_35,14,TGATATTGTAAGAGGAAGAGATATATTTCGTGgtaataatagagaaaatgataaattagaaaagaaattaaaagaatatttccaaaaaatACATGGTGGATTGACAGATGGTTCAAAAAAACACTACCAAAAGGACGGTGGAGATTTCTTTCAATTACGAGAAGCTTGGTGGTATGCTAATAGAAGACAGGTATGGAAAGCCATCACGTGCGACGCTCAGGGTTTTGACTATTTTCGACACACATGTAATGGAGAACATAAAACTCAAAATAACTGCCGGTGTGGCGACGGCAGAAATGGCACGAATGCCGACCAAGTCCCCACCTATTTTGACTATGTGCCACAGTATCTTCGC,DBLa0.8
10,m1,DC01_m1_Cluster_10,13,TGATATCGTAAGAGGAAGAGATATATTTCGTGGTAATACATATGAAAGTGCACAAAGAGAAAAATTAGACAATAATTTGAAAGATATTTTCGCGAAAATACATGAAGGATTGACGACGGAGAATGGTGTAAAAGAACGCTACAATGATGACaaaaaaaaaTTTTTATCGATTAAGAGAAGACTGGTGGGAAGCCAATCGTGAAACAGTATGGAAAGCTATCACGTGCGGTGCGCCAAATAATGCTCAATATTTTCGACAAACATGTGATGATAATGGAACTTCTTCTAATGCTAATCATAAATGCCGCTGTAAGAAGAATGACGGCCAACATGACTCCGACCAGGTACCCACATATTTTGACTACGTGCCGCAGTATCTTCGC,DBLa0.1
11,m1,DC01_m1_Cluster_48,12,TGACATTATTCGAGGAAAAGATCTTTATCTTGGTAATAAGAAAGAACGAGCTAGATTAGAAAAGAATTTGAAAAAAATTTTTGGGAATATATATAACAATTTGGTTAGAGAGAAACGGCAAGCAAAAGACCACTACAAAGAGGATCCCGACAAAAATTATTTTCAATTAAGAGAAGATTGGTGGAACGCTAATAGACAACAAGTATGGAAAGCTATCACATGTGATGCGCACGGTACATATTTTCGACAAAGAGCGTGTGCAGGAACGCGGACTAAAGACAATTGCCGATGTACCACTCATGTTGTCCCCACATATTTTGACTATGTGCCACAATATTTGAGA,DBLa0.10
12,m1,DC01_m1_Cluster_22,11,TGATATCGTACGCGGCAAAGATCTATATAGTGGTAATAAGAAAGAAAACAAACAAAGAGAAAAATTAGACAAGAAGTTGAAAGATATTTTCGGGAAAATACATGGAAATTTGAAGGATGCACGAACTCACTACAGTGATACTACAAATTATTATAAATTACGAGAAGATTGGTGGACGGCGAATCGAGAAACAGTATGGAAAGCATTAACATGCAAGGCGGAAGGTGCATATTTTCATGCAACGTGCAGTGATCTTAATGGAGGTTGTTCTCAAGCTAATAACCAATGTCGGTGTCCCAAGTCAAGAGACAAGAAGCCCAATGACCAAGTCCCCACATATTTTGACTACGTGCCACAGTTTCTTCGC,DBLa0.1
13,m1,DC01_m1_Cluster_29,11,GGATATCGTTAGAGGAAGAGATTTGTATCTCGGTGATAATAGAAAAGATAGAGAACAAAAACAAAAATTACAACAAAATTTGAAAGATATTTTCGCGAAAATATATGACAAATTGGATGGTAAAATAAAATCAAAGTATGATGATGGATCTGGAAATTATTATAAATTAAGAGAAGCTTGGTGGACAGCGAATCGGCACACCGTGTGGAAAGCTATCACGTGCGACGTTAAGAGTGGTAATAATTATTTTCGACCAACATGTGGTGGAGGAAAAACTCTGACTCAAGGTTACTGCCGGTGTGGCGACGGAGATGTAACTATTGTCCCCACATATTTCGATTATGTGCCACAGTATCTTCGC,DBLa0.15
14,m³,DC01_m3_Cluster_30,676,TGATATTGTAAGAGGAAGAGATATATTTCGTGgtaataatagagaaaatgataaattagaaaagaaattaaaagaatatttccaaaaaatACATGGTGGATTGACAGATGGTTCaaaaaaaaCACTACCAAAAGGGCGGTGGAGATTTCTTTCAATTACGAGAAGCTTGGTGGTATGCTAATAGAAGACAGGTATGGAAAGCCATCACGTGCGACGCTCAGGGTTTTGACTATTTTCGACACACATGTAATGGAGAACATAAAACTCAAAATAACTGCCGGTGTGGCGACGGCAGAAATGGCACGAATGCCGACCAAGTCCCCACCTATTTTGACTATGTGCCACAGTATCTTCGC,DBLa0.8
15,m³,DC01_m3_Cluster_40,357,TGATATTGTAAGAGGAAAAGATATGTTTAAACCTAATGACAAAGTAGAAAATGCTCTAAGAGAAGTTTTCAATAATATATATGGTCAATTGGAAAATAATGCAAAAGCCTATTATTCAGATAAGGATAAATCTGGAAATTATTATAAATTAAGGGAAGATTGGTGGACGGCTAACCGCGATCAAGTATGGAAAGCTATTACATGTTCAGCACCAGGTGATATTAATTANTTATTTTAGAAAAATCTCTGATGGTTTTAGTACCTTTTCAAGTCACGGAAAGTGCGGCCATAATAAAGACGGTGCTCCTCCTACCAATTTAGATTATGTCCCTCAATTTTTACGT,DBLa1.8
16,m³,DC01_m3_Cluster_22,64,TGATATTGTGAGAGGAAGAGATCTATTTCATGGTAATCCAcaagaaaaagaaaaaagagatgaattagatgataagttgaaaaaaaaTTTTCAAGAAAATACATGATGACGTGACGACAAATGGGCAGAAGTCGGCGGAAGCAGAAAAACGCTACAAAGATACTAAAAATTTTTATCAATTACGAGAAGATTGGTGGACGGCGAATCGCGCCACAATCTGGGAAGCTATCACGTGCGACGTTAAGAGTGGTTCTCAATATTTTCGACAAACATGTTCTAATGGAGGTAGTTATGCTTATAAACAATGCCGATGTGCCACAAATTATGTTCCTACATATTTCGATTATGTGCCACAGTTTCTTCGT,DBLa0.5
17,m³,DC01_m3_Cluster_20,41,AGACATTATTCGAGGAAAAGATCTATTTTATGGTAATACAcaagaaaaagaaaaaaagagatgaattagatgataagttgaaaaaaaTTTTCAAGGAAATACATGACAAATTGGATAAAAAAGATCGCTACAATGGTGATGATAATTATTCTAAATTACGAGAAGATTGGTGGTATGCGAATCGAGAAACAGTATGGAAAGCTATCACATGTGGTGCAGGAGAAAGTGATAAATATTTTCGAAAAACAGCATGTAATGGAGGAGAACAAACTAAAGGTTACTGCCGGTGTAACGGCGACAAACCAGGTGACGACAAGGCAAATGTCGATCCCCCAACCTATTTCGATTATGTGCCGCAGTTTCTTCGC,DBLa0.11
18,m³,DC01_m3_Cluster_31,30,GGATATTGTCAGAGGAAGAGATTTGTATCGTGGTTATGATGATGAAGaaaaaaaaaCAAAGAGATAAATTAGAAAAGAATTTGAAAGAAATTTTCGCGAAAATACATGGTGGATTGGATGAGGAAGCAAAAGACCACTACAAAGATAAAAATGGTGGAAACTTTTTTAAATTACGAGAAGATTGGTGGAATGCTAATCGAGAAACGGTATGGGAAGCTATCACATGTAAAGCAAATGATAGTGATAAATATTTTAGAAAAACAGCGTGTGCAGGAACGCCGACTAATACACAATGCCAATGCGTAAACCGTGCAGATGTTCCTACATATTTCGACTACGTGCCACAGTATCTTCGG,DBLa0.19
19,m³,DC01_m3_Cluster_25,28,TGATATTATACGAGGAAAAGATCTTTATCTTGGTGATAGAAAAGAAAAATTGAAGTTAGAAAATAATTTAAAAAAGGTTTTCTCGAAAATATATGAAGGATTGAAGAATGGGCAGAAGTCGGCGGAAGCACAAGAACGCTACAATGTTGATAAAGATCCAAATTATTATCAATTACGAGAAGATTGGTGGAACGCTAATAGACAACAAGTATGGTACGCGATAACATGCGGCGCTGCGGGTTATCAATATTTTCGACCAAAATGTGGTAGTGGAAATAATGCAACTCAGGCTAAAGACAAATGCCGATGTACCACTCATGTTGTCCCCACATATTTCGACTATGTGCCTCAATATTTGAGA,DBLa0.9
20,m³,DC01_m3_Cluster_29,19,TGATATTATACGAGGAAGAGATTTGTATCGTCGAGATAAAGGAGAAGAGACAAAATTAGAAAAGAATTTACCACAAATTTTCACGCAAATACATGATGACGTGACGAGCGACAAGAATGTGGAGCTAAAAACACGCTACAAAGGGGATGCCaaaaaaaaaTTATTCTAAATTACGAGAAGATTGGTGGACGGCTAATAGAGAAACAGTATGGAAAGCAATTACATGTGATGCACCAGATAAAGCTCAGTATTTTAGAGATGCATGTTCTGAAGGAACAACTCCGACTCCTAATAAATGTCGATGTGTTACTAATTATGTTCCCACATATTTTGACTACGTGCCGCAGTATCTTCGC,DBLa0.8
21,m5,DC01_m5_Cluster_16,237,TGATATTGTAAGAGGAAAAGATATGTTTAAACCTAATGACAAAGTAGAAAATGCTCTAAGAGAAGTTTTCAATAATATATATGGTCAATTGGAAAATAATGCAAAAGCCTATTATTCAGATAAGGATAAATCTGGAAATTATTATAAATTAAGGGAAGATTGGTGGACGGCTAACCGCGATCAAGTATGGAAAGCTATTACATGTTCAGCACCAGGTGATATTAATTATTTTAGAAAAATCTCTGATGGTTTTAGTACCTTTTCAAGTCACGGAAAGTGCGGCCATAATGAAGGTGCTCCTCCTACCAATTTAGATTATGTCCCTCAATTTTTACGT,DBLa1.8
22,m5,DC01_m5_Cluster_11,162,AGATATCGTAAGAGGAAGAGATTTGTATGGTGGTAATAATAAGAGAAGAAAACAATTAGATGATAATTTGAGAAAAATTTTCAAGGAAATACATAGTGGATTGAAAGGTGGTGTAAAAGAACGCTACGGAAGTGATAAAGATCCAAATTATTCTAAATTACGAGAAGATTGGTGGACGGCGAATCGCGCCACAGTATGGGAAGCTATCACGTGCGACGTTCATGGTTCTGACTATTTTCGACAAACAGCATGTAATGGACAACATAAAAACCACAACAAATGCCGATGTAGCGACAAGCCAAATACCGATCCCCCAACCTATTTCGATTATGTGCCGCAGTTTCTTCGGT,DBLa0.15
23,m5,DC01_m5_Cluster_23,59,AGATATCGTAAGAGGAAGAGATATGTTTAAATCTAATGAGGATGTCGAAAAAGGACTAAAAATAGTTTTCCAGAAAATATATGACTTAAAGAAAAAAGAAATTAATGATTATGATGGTGATCCAAATTATTATAAATTAAGGGAAGCTTGGTGGAAGGTCAACAGAGATCAAGTATGGAGAGCTATAACCTGTGATGCTCCAAGGGATGCTCATTATTTCTTAAAATCAAGCCCNGATTTCAAATCATTTTCAGATCATAAATGCGGCCATTATGAAGGTGCTCCTCCTACCAATTTAGATTATGTCCCTCAATATTTACGT,DBLa1.2
24,m5,DC01_m5_Cluster_17,43,TGATATTATTCGTGGAAAAGATCTTTATCGTGGAAATAAACAAGAAAAAGATGCATTACAAGAGCAATTAAAGAAATATTTCAAGGAGCTTAATAATCATTTAAAGCTGCCAGAAAAAAATTACTATGAAGATAGAAATGGAAATTATTATACATTAAGAGAAGATTGGTGGAATGCTAATAGATACGATGTATGGAAAGCTATTACATGCAAGGCAACTGATACTCAATATTTTAGAAATACATGTTCTGGTGGTAAACGTCCGACAACTGTAGAATGTCACTGCATTGATGGAACTATCCCTACAAATTTAGATTACGTCCCTCAGTATTTGAGG,DBLa0.18
25,m6,DC01_m6_Cluster_15,352,AGACATAATACGAGGAAAAGATCTTTATATTCGTAATAAACAAGAAAAAGATAGATTAGAAGAGAATTTGAAAAATATTTTCGGGAAAATACATAGTGAAGTGACGAATGGGAAGAATGCGAAGAAAGGCGCAAAAGATCGCTACAATGGTGATAAAGATCCAAATTATTATCAATTACGAGAAGATTGGTGGGATGCTAATAGACTAGAAGTATGGAAAGCTATCACATGCGGCGTTATTGGATCTCATTATTTTAGACGCACATGTGGTGCAGGAAACGATCGAACTGAGACTAATCATAACTGCCAATGCATTGGAGGAACAGTTCCCACATATTTTGACTATGTGCCGCAGTTTCTTCGC,DBLa0.13
26,m6,DC01_m6_Cluster_23,275,AGATATCGTAAGAGGAAGAGATTTGTATCGTGGTTATGATGATGAAGaaaaaaaaaCAAAGAGATAAATTAGAAAAGAATTTGAAAGAAATTTTCGCGAAAATACATGGTGGATTGGATGAGGAAGCAAAAGACCACTACAAAGATAAAAATGGTGGAAACTTTTTTAAATTACGAGAAGATTGGTGGAATGCTAATCGAGAAACGGTATGGGAAGCTATCACATGTAAAGCAAATGATGGTGATAAATATTTTAGAAAAACAGCGTGTGCAGGAACGCCGACTAATACACAATGCCAATGCGTAAACCGTGCAGATGTTCCTACATATTTCGACTACGTGCCGCAGTATCTTCGG,DBLa0.19
27,m6,DC01_m6_Cluster_27,146,AGATATTGTAAGAGGAAGAGATCTATGGGATGAAGATGGTGGCGCAAAAGACATGGAAAAACATTTGATATCCATATTTGAAAAAAATTAAACAGGAACTTCCTCGAGAAATCCAAGAGAAATATAAGGATGATGACAAAACAACACACAAATATAAACGATTGAGAGAAGACTGGTGGGAAGCAAATCGAGCCAAAGTATGGGAAGCCATGACATGTAGCGTAGAAGATGCTTATTATTTTCGACAAACATGTGGTAGTGGAAAAACTGCAAGTGCGACTTACGATAAATGCCATTGTATTGGCGGAACCGTTCGCACTAATTTCGACTACGTGCCGCAGTATCTTCGG,DBLa1.1
28,m6,DC01_m6_Cluster_28,133,AGATATCGTAAGAGGAAGAGATTTGTATCGTGGTAATAATAAGAGAAGAAAACAATTAGATGATAATTTGAGAAAAATTTTCAAGGAAATACATAGTGGATTGAAAGGCGGTGTAAATGAACGCTACGGAAGTGATAAAGATCCAAATCATTCTAAATTACGAGAAGATTGGTGGACGGCGAATCGCGCCACAGTATGGGAAGCTATCACGTGCGACGTTCATGGTTCTGACTATTTTCGACAAACAGCATGTAATGGACAACATAAAAACCACAACAAATGCCGATGTAGCGACAAGCCAAATACCGATCCCCCAACCTATTTCGATTATGTGCCGCAGTTTCTTCGG,DBLa0.11
29,m6,DC01_m6_Cluster_20,12,AGATATTATCAGAGGAAAAGATCTGTTTCTTGGTAATAATGATAATGATAAAGTAAAAAAAGAGAAACTACAAAATAATTTAAAAAGTATTTTTGCCAAAATATATAAGGAATTGAAATTGGAAAAAAACTCTGACTACAAAGATGATGATGGATCTGGAAATTATTATAAATTAAGAGAAGCTTGGTAGACATCGAACAGGGATCAAGTATGGAAAGCTATCACATGTAGAGCTCCCAAAAATGCTCATTATTTCATAAAATCAAGCGCCAATAAACAAACATTTTCAAATGAATATTGTGGCCATAGACAAGGAAGCGTTCCTACCAATTTAGATTACGTACCTCAATTTTTACGT,DBLa1.7
